name,age,occupation,url
広瀬すず,24,モデル,https://talent-dictionary.com/%E5%BA%83%E7%80%AC%E3%81%99%E3%81%9A
永野芽郁,23,モデル,https://talent-dictionary.com/%E6%B0%B8%E9%87%8E%E8%8A%BD%E9%83%81
吉岡里帆,29,女優,https://talent-dictionary.com/%E5%90%89%E5%B2%A1%E9%87%8C%E5%B8%86
土屋太鳳,27,モデル,https://talent-dictionary.com/%E5%9C%9F%E5%B1%8B%E5%A4%AA%E9%B3%B3
小松菜奈,26,モデル,https://talent-dictionary.com/%E5%B0%8F%E6%9D%BE%E8%8F%9C%E5%A5%88
二階堂ふみ,28,モデル,https://talent-dictionary.com/%E4%BA%8C%E9%9A%8E%E5%A0%82%E3%81%B5%E3%81%BF
西内まりや,28,タレント,https://talent-dictionary.com/%E8%A5%BF%E5%86%85%E3%81%BE%E3%82%8A%E3%82%84
志田未来,29,女優,https://talent-dictionary.com/%E5%BF%97%E7%94%B0%E6%9C%AA%E6%9D%A5
大原櫻子,26,女優,https://talent-dictionary.com/%E5%A4%A7%E5%8E%9F%E6%AB%BB%E5%AD%90
川口春奈,27,モデル,https://talent-dictionary.com/%E5%B7%9D%E5%8F%A3%E6%98%A5%E5%A5%88
中条あやみ,25,モデル,https://talent-dictionary.com/%E4%B8%AD%E6%9D%A1%E3%81%82%E3%82%84%E3%81%BF
のん,29,モデル,https://talent-dictionary.com/%E8%83%BD%E5%B9%B4%E7%8E%B2%E5%A5%88
佐野ひなこ,28,モデル,https://talent-dictionary.com/%E4%BD%90%E9%87%8E%E3%81%B2%E3%81%AA%E3%81%93
広瀬アリス,27,タレント,https://talent-dictionary.com/%E5%BA%83%E7%80%AC%E3%82%A2%E3%83%AA%E3%82%B9
武井咲,28,モデル,https://talent-dictionary.com/%E6%AD%A6%E4%BA%95%E5%92%B2
芳根京子,25,タレント,https://talent-dictionary.com/%E8%8A%B3%E6%A0%B9%E4%BA%AC%E5%AD%90
武田玲奈,25,モデル,https://talent-dictionary.com/%E6%AD%A6%E7%94%B0%E7%8E%B2%E5%A5%88
川島海荷,28,女優,https://talent-dictionary.com/%E5%B7%9D%E5%B3%B6%E6%B5%B7%E8%8D%B7
川栄李奈,27,女優,https://talent-dictionary.com/%E5%B7%9D%E6%A0%84%E6%9D%8E%E5%A5%88
平祐奈,24,タレント,https://talent-dictionary.com/%E5%B9%B3%E7%A5%90%E5%A5%88
