検索順位,タイトル,URL
1,세계유산 히라이즈미 | 히라이즈미 관광협회,https://hiraizumi.or.jp/kr/heritage/index.html
2,"히라이즈미 - 위키백과, 우리 모두의 백과사전",https://ko.wikipedia.org/wiki/%ED%9E%88%EB%9D%BC%EC%9D%B4%EC%A6%88%EB%AF%B8
3,히라이즈미초 - 나무위키,https://namu.wiki/w/%ED%9E%88%EB%9D%BC%EC%9D%B4%EC%A6%88%EB%AF%B8%EC%B4%88
4,세계유산의 거리 히라이즈미 여행은 황금으로 빛나는 ... - Japan,https://www.japan.travel/ko/kr/japan-magazine/1810_chusonji/
5,히라이즈미(유네스코) (UNESCO) | 세계 유산 - Japan,https://www.japan.travel/ko/world-heritage/hiraizumi/
6,이와테현의 히라이즈미 관광 세계 유산을 걸어서 ... - ANA,https://www.ana.co.jp/ko/kr/japan-travel-planner/iwate/0000005.html
7,히라이즈미 - THE GATE,https://thegate12.com/kr/spot/760
8,히라이즈미 문화유산센터 - 이와테 현의 공식 여행 가이드,https://visitiwate.com/ko/article/4789
9,이와테 여행 - 세계유산으로 지정된 히라이즈미의 황금문화 ...,https://livejapan.com/ko/in-tohoku/in-pref-iwate/in-morioka_hiraizumi_hachimantai/article-a3000052/
10,히라이즈미(平泉) - 세계문화유산 모쓰지(毛越寺 ... - 네이버 블로그,http://m.blog.naver.com/real_sunny/221264826685
11,3.세계유산・히라이즈미를 둘러싼다(7시간 전세 코스),https://hk-grp.or.jp/ko/publics/index/965/detail=1/b_id=6474/r_id=3341/
12,히라이즈미 관광 레스트 센터,http://www.hiraizumi2011.jp/kr/index.html
13,히라이즈미 지역 소개 | 이와테현 | TOURIST Guide,https://tguide.jp/ko/area/3
14,이와테：히라이즈미 | 노선별 여행정보 | JR동일본,https://www.jreast.co.jp/multi/ko/destinations/iwate/
15,세계 문화유산 히라이즈미의 고장 이와테현으로 초대합니다!,http://www.beautifuljapan.or.kr/iwate/sub01.asp?Contents_Type=View&IDX=53
16,"민파쿠 히라이즈미, 히라즈미 – 2022 신규 특가 - Booking.com",https://www.booking.com/hotel/jp/hiraizumi.ko.html
17,히라이즈미초 의 저가 렌트카를 비교・예약！ - 타비라이,https://kr.tabirai.net/s/car/iwate/hiraizumi/
18,히라이즈미 물 들여 가마 | 이와테의 문화 정보 대사전,http://www.bunka.pref.iwate.jp/ko/archive/fe11
19,"불국토(정토)를 나타내는건축, 정원 및 고고학적 유적군 - YouTube",https://www.youtube.com/watch?v=33yVoyy5Z1o
20,"히라이즈미 – 불교 정토 사상을 대표하는 사찰, 정원, 고고 유적군",https://heritage.unesco.or.kr/%ED%9E%88%EB%9D%BC%EC%9D%B4%EC%A6%88%EB%AF%B8-%EB%B6%88%EA%B5%90-%EC%A0%95%ED%86%A0-%EC%82%AC%EC%83%81%EC%9D%84-%EB%8C%80%ED%91%9C%ED%95%98%EB%8A%94-%EC%82%AC%EC%B0%B0-%EC%A0%95%EC%9B%90/
21,히라이즈미의 평온한 경치를 만끽하는 조조 사이클링과 향토 ...,https://www.tohokukanko.jp/kr/attractions/detail_1001321.html
22,세계유산의 마을 히라이즈미초의 동쪽에 위치한 다바시네 ...,https://hiraizumi-club.jp/wp/wp-content/uploads/2020/03/hiraizumi-club-ko-web.pdf
23,"[동북 이와테 현 히라이즈미 · 이치 노세 키시] ""편안하게 관광 ...",https://ko.activityjapan.com/publish/plan/37291
24,아카이브히라이즈미에 숙박하기,https://hiraizumi.or.jp/kr/archive/stay/index.html
25,오슈 히라이즈미 온천 소바안 시즈카테이 ... - Japanican,https://www.japanican.com/ko-kr/hotel/japan/hiraizumi/soba-an-shizukatei
26,[르포] 이와테현) 일본 히라이즈미 세계 유산 산책 - 뉴스코리아,http://www.newskorea.ne.kr/news/articleView.html?idxno=1132
27,히라이즈미 : 새로운 일본 여행안내 : NIPPONIA No. 45,https://web-japan.org/nipponia/nipponia45/ko/travel/index.html
28,히라이즈미 : 새로운 일본 여행안내 : NIPPONIA No. 45,https://web-japan.org/nipponia/nipponia45/ko/travel/travel01.html
29,[이와테 여행] 세계유산 히라이즈미에서 산책과 군것질,https://likejp.com/3268
30,"불국토(정토)를 나타내는 건축, 정원 및 고고학적 유적군Hiraizumi",https://worldheritagejpn.com/ko/event/2021/event_hiraizumi.html
31,"[문화]히라이즈미(平泉), 세계 문화유산 등록 - Mofa - 외교부",https://overseas.mofa.go.kr/jp-sendai-ko/brd/m_709/view.do?seq=1279723&srchFr=&amp;srchTo=&amp;srchWord=&amp;srchTp=&amp;multi_itm_seq=0&amp;itm_seq_1=0&amp;itm_seq_2=0&amp;company_cd=&amp;company_nm=
32,히라이즈미 주 손지 절 근처의 옛 민가 한 채 전세 고급 민박,https://zenvacationstay.jp/korea/index.php
33,히라이즈미 레스트하우스 - DiGJAPAN!,https://digjapan.travel/ko/spot/id=6968
34,히라이즈미초 사무소｜소재지・전화 번호・지도・단체 코드,https://www.kurunavi.jp/ko/municipality/034029.html
35,"신비의 여행, 이와테",https://www.city.hanamaki.iwate.jp/_res/projects/default_project/_page_/001/007/460/kor1-11.pdf
36,히라이즈미정 - 포켓몬 맨홀 | 포켓몬 로컬 Acts,https://local.pokemon.jp/ko/manhole/desc/267/
37,히라이즈미 자세한 / 지역 정보,https://japantravel.navitime.com/ko/area/jp/spot/02011-00008084/
38,교통·오시는 길｜일본 100경·명승지 게이비케이 계곡 뱃놀이,http://www.geibikei.co.jp/kr/access/index.html
39,모쓰지 절에 대하여,https://www.motsuji.or.jp/kr/about/index.html
40,참관··교통 모쓰지 절,https://www.motsuji.or.jp/kr/seeing/index.html
41,관광 신나마리온천 무스비노야도 아이린관,https://www.airinkan.com/language/ko/sightseeing/
42,히라이즈미 호텔 무사시보 - 여관 객실 & 가격,https://www.jalan.net/kr/japan_hotels_ryokan/Ryokan/Iwate_Ryokan/Oshu_Hiraizumi_Ichinoseki_Ryokan/Hiraizumi_Ichinoseki_Ryokan/musashibou/
43,히라이즈미노카쟈야 - IKIDANE NIPPON-일본 여행 전략 리포트,https://ikidane-nippon.com/ko/interest/hiraizumi-nouka-dyaya
44,2022 히라이즈미 추천 숙소 베스트 10 - 일본 호텔 - Agoda,https://www.agoda.com/ko-kr/city/hiraizumi-jp.html
45,히라이즈미쵸 | Korean | 일본 안의 일본 일본 관광 가이드,https://japanin.jp/ko/area/tohoku/iwate/hiraizumi
46,"0저렴한 히라이즈미 호텔 상품, 일본",https://www.hotelscombined.co.kr/Place/Hiraizumi.htm
47,히라이즈미 시라야마 신사 | MATCHA -일본 여행 웹 매거진,https://matcha-jp.com/ko/place-master/6404
48,"히라이즈미, 관광정보, 레스토랑 찾기 - SAVOR JAPAN 일본의 맛",https://kr.savorjapan.com/area/iwate/SP215/
49,히라이즈미 문화유산센터의 추천 호텔 목록 - 라쿠텐 트래블,https://travel.rakuten.com/kor/ko-kr/hotel_list/cnt_japan/sub_iwate_prefecture/cty_hiraizumi_town/poi_308771/
